lamp,candidate,distance,bytes
cool,W-full,1.225,690126
cool,W-full,4.286,244214
cool,W-full,8.018,150806
cool,W-full,10.967,120745
cool,W-full,11.86,114651
cool,W-full,12.334,112194
cool,W-full,12.577,110261
cool,W-full,12.826,108910
cool,W-full,15.0,96144
cool,W-binplanes,1.225,204879
cool,W-binplanes,2.291,130384
cool,W-binplanes,2.68,116925
cool,W-binplanes,2.898,110954
cool,W-binplanes,3.134,104767
cool,W-binplanes,4.286,84651
cool,W-binplanes,5.013,76129
cool,W-binplanes,5.112,75190
cool,W-binplanes,5.162,74743
cool,W-binplanes,5.213,73384
cool,W-binplanes,5.421,71772
cool,W-binplanes,5.862,67735
cool,W-binplanes,8.018,54586
cool,W-binplanes,9.377,49180
cool,W-binplanes,9.752,47920
cool,W-binplanes,10.141,46495
cool,W-binplanes,10.967,44201
cool,W-binplanes,15.0,35843
cool,W-binmode,1.225,204883
cool,W-binmode,2.291,130388
cool,W-binmode,2.68,116929
cool,W-binmode,2.898,110958
cool,W-binmode,3.134,104771
cool,W-binmode,4.286,84655
cool,W-binmode,5.013,76133
cool,W-binmode,5.112,75194
cool,W-binmode,5.162,74747
cool,W-binmode,5.213,73388
cool,W-binmode,5.421,71776
cool,W-binmode,5.862,67739
cool,W-binmode,8.018,54590
cool,W-binmode,9.377,49184
cool,W-binmode,9.752,47924
cool,W-binmode,10.141,46499
cool,W-binmode,10.967,44205
cool,W-binmode,15.0,35847
cool,M-1600,1.225,120488
cool,M-1600,1.324,112758
cool,M-1600,1.377,109969
cool,M-1600,1.432,106593
cool,M-1600,1.675,95120
cool,M-1600,2.291,76724
cool,M-1600,2.383,74903
cool,M-1600,2.478,73133
cool,M-1600,2.68,69165
cool,M-1600,3.134,62239
cool,M-1600,4.286,51103
cool,M-1600,4.457,49894
cool,M-1600,4.635,48714
cool,M-1600,4.727,47970
cool,M-1600,4.82,47514
cool,M-1600,5.013,46346
cool,M-1600,5.862,41631
cool,M-1600,8.018,34084
cool,M-1600,15.0,22631
cool,M-1920,1.225,165859
cool,M-1920,1.675,129914
cool,M-1920,1.959,115556
cool,M-1920,2.037,112363
cool,M-1920,2.078,110951
cool,M-1920,2.119,109344
cool,M-1920,2.291,103706
cool,M-1920,3.134,83578
cool,M-1920,3.665,75328
cool,M-1920,3.811,73630
cool,M-1920,3.963,71485
cool,M-1920,4.286,67871
cool,M-1920,5.862,54899
cool,M-1920,6.856,49693
cool,M-1920,7.13,48629
cool,M-1920,7.414,47241
cool,M-1920,8.018,44658
cool,M-1920,15.0,29199
cool,M-2000,1.225,175999
cool,M-2000,2.291,110374
cool,M-2000,3.134,88762
cool,M-2000,3.665,79965
cool,M-2000,3.963,75835
cool,M-2000,4.122,73901
cool,M-2000,4.286,71987
cool,M-2000,5.862,58146
cool,M-2000,6.856,52502
cool,M-2000,7.414,49971
cool,M-2000,7.71,48714
cool,M-2000,7.863,47843
cool,M-2000,8.018,47333
cool,M-2000,15.0,31186
cool,H-1000,0.35,144821
cool,H-1000,0.479,116217
cool,H-1000,0.518,110395
cool,H-1000,0.56,103067
cool,H-1000,0.655,90848
cool,H-1000,0.766,81165
cool,H-1000,0.828,76870
cool,H-1000,0.861,74646
cool,H-1000,0.895,72876
cool,H-1000,1.225,59838
cool,H-1000,1.432,53944
cool,H-1000,1.549,51328
cool,H-1000,1.611,50156
cool,H-1000,1.643,49429
cool,H-1000,1.675,48785
cool,H-1000,1.742,47736
cool,H-1000,1.812,46446
cool,H-1000,1.959,44024
cool,H-1000,2.291,39980
cool,H-1000,4.286,27446
cool,H-1000,8.018,18529
cool,H-1000,9.377,16796
cool,H-1000,9.752,16426
cool,H-1000,10.141,16022
cool,H-1000,10.967,15210
cool,H-1000,15.0,12440
cool,H-800,0.187,137390
cool,H-800,0.256,118133
cool,H-800,0.277,113818
cool,H-800,0.288,111257
cool,H-800,0.299,109368
cool,H-800,0.35,98967
cool,H-800,0.479,80308
cool,H-800,0.518,76020
cool,H-800,0.538,73873
cool,H-800,0.56,71525
cool,H-800,0.655,63489
cool,H-800,0.895,51465
cool,H-800,0.931,49860
cool,H-800,0.968,48696
cool,H-800,0.988,47780
cool,H-800,1.007,47289
cool,H-800,1.047,46213
cool,H-800,1.225,42027
cool,H-800,4.286,20054
cool,H-800,5.862,16644
cool,H-800,8.018,13706
cool,H-800,15.0,9430
warm,W-full,1.225,690272
warm,W-full,4.286,243171
warm,W-full,8.018,150441
warm,W-full,10.967,119801
warm,W-full,11.86,112822
warm,W-full,12.334,111031
warm,W-full,12.826,107958
warm,W-full,15.0,96406
warm,W-binplanes,1.225,204010
warm,W-binplanes,2.291,129671
warm,W-binplanes,2.68,116452
warm,W-binplanes,2.898,110230
warm,W-binplanes,3.134,104325
warm,W-binplanes,4.286,83836
warm,W-binplanes,5.013,75578
warm,W-binplanes,5.112,74655
warm,W-binplanes,5.213,72903
warm,W-binplanes,5.421,71327
warm,W-binplanes,5.862,67315
warm,W-binplanes,8.018,54244
warm,W-binplanes,8.671,51604
warm,W-binplanes,9.017,50321
warm,W-binplanes,9.196,49385
warm,W-binplanes,9.377,48862
warm,W-binplanes,9.563,48232
warm,W-binplanes,9.752,47702
warm,W-binplanes,10.141,46275
warm,W-binplanes,10.967,43834
warm,W-binplanes,15.0,35676
warm,W-binmode,1.225,204014
warm,W-binmode,2.291,129675
warm,W-binmode,2.68,116456
warm,W-binmode,2.898,110234
warm,W-binmode,3.134,104329
warm,W-binmode,4.286,83840
warm,W-binmode,5.013,75582
warm,W-binmode,5.112,74659
warm,W-binmode,5.213,72907
warm,W-binmode,5.421,71331
warm,W-binmode,5.862,67319
warm,W-binmode,8.018,54248
warm,W-binmode,8.671,51608
warm,W-binmode,9.017,50325
warm,W-binmode,9.196,49389
warm,W-binmode,9.377,48866
warm,W-binmode,9.563,48236
warm,W-binmode,9.752,47706
warm,W-binmode,10.141,46279
warm,W-binmode,10.967,43838
warm,W-binmode,15.0,35680
warm,M-1600,1.225,121120
warm,M-1600,1.324,113319
warm,M-1600,1.377,110381
warm,M-1600,1.432,106942
warm,M-1600,1.675,95332
warm,M-1600,2.291,76453
warm,M-1600,2.383,74531
warm,M-1600,2.478,72726
warm,M-1600,2.68,68809
warm,M-1600,3.134,61856
warm,M-1600,4.286,50820
warm,M-1600,4.457,49627
warm,M-1600,4.635,48434
warm,M-1600,5.013,46074
warm,M-1600,5.862,41308
warm,M-1600,8.018,33664
warm,M-1600,15.0,22497
warm,M-1920,1.225,167881
warm,M-1920,1.675,131010
warm,M-1920,1.959,116511
warm,M-1920,2.119,110182
warm,M-1920,2.291,104369
warm,M-1920,3.134,83506
warm,M-1920,3.665,75096
warm,M-1920,3.737,74499
warm,M-1920,3.811,73467
warm,M-1920,3.963,71213
warm,M-1920,4.286,67633
warm,M-1920,5.862,54504
warm,M-1920,6.856,49201
warm,M-1920,7.13,48130
warm,M-1920,7.414,46886
warm,M-1920,8.018,44285
warm,M-1920,15.0,29057
warm,M-2000,1.225,177502
warm,M-2000,2.291,110225
warm,M-2000,3.134,88375
warm,M-2000,3.665,79640
warm,M-2000,3.963,75590
warm,M-2000,4.122,73638
warm,M-2000,4.286,71760
warm,M-2000,5.862,57624
warm,M-2000,6.856,51969
warm,M-2000,7.414,49489
warm,M-2000,7.71,48187
warm,M-2000,8.018,46747
warm,M-2000,15.0,30962
warm,H-1000,0.35,147279
warm,H-1000,0.479,118795
warm,H-1000,0.518,112541
warm,H-1000,0.528,110864
warm,H-1000,0.538,109661
warm,H-1000,0.56,105809
warm,H-1000,0.655,92754
warm,H-1000,0.895,74172
warm,H-1000,1.225,60100
warm,H-1000,1.432,54213
warm,H-1000,1.549,51577
warm,H-1000,1.611,50270
warm,H-1000,1.643,49563
warm,H-1000,1.675,48883
warm,H-1000,1.708,48474
warm,H-1000,1.742,47754
warm,H-1000,1.812,46519
warm,H-1000,1.959,44042
warm,H-1000,2.291,39984
warm,H-1000,4.286,27191
warm,H-1000,8.018,18378
warm,H-1000,9.377,16637
warm,H-1000,10.967,15126
warm,H-1000,15.0,12334
warm,H-800,0.187,137817
warm,H-800,0.256,118575
warm,H-800,0.299,109970
warm,H-800,0.35,99758
warm,H-800,0.479,81039
warm,H-800,0.518,76478
warm,H-800,0.538,74949
warm,H-800,0.56,72411
warm,H-800,0.655,64363
warm,H-800,0.895,51883
warm,H-800,0.931,50248
warm,H-800,0.95,49632
warm,H-800,0.968,48900
warm,H-800,0.988,47928
warm,H-800,1.007,47465
warm,H-800,1.047,46381
warm,H-800,1.225,42259
warm,H-800,4.286,19931
warm,H-800,5.862,16436
warm,H-800,8.018,13574
warm,H-800,15.0,9340
