roi,budget_msgs,distance,bytes,messages,de_truth,ssim,verdict
LARGE,RAW,,3732480,12960,1.83,1.0,reference
LARGE,60,15.0,40079,140,,,does not fit
LARGE,120,15.0,40079,140,,,does not fit
LARGE,176,10.754,50200,175,1.85,0.967,PASS
LARGE,250,6.465,71764,250,1.88,0.975,PASS
LARGE,300,5.013,85455,297,1.89,0.978,PASS
LARGE,500,2.383,143147,498,1.82,0.985,PASS
MEDIUM,RAW,,1800000,6250,1.83,1.0,reference
MEDIUM,60,15.0,22631,79,,,does not fit
MEDIUM,120,8.018,34084,119,1.85,0.973,PASS
MEDIUM,176,4.457,49894,174,1.84,0.981,PASS
MEDIUM,250,2.577,71233,248,1.83,0.985,PASS
MEDIUM,300,1.959,85073,296,1.82,0.986,PASS
MEDIUM,500,0.978,141397,491,1.83,0.99,PASS
SMALL,RAW,,450000,1563,1.83,1.0,reference
SMALL,60,5.637,17127,60,1.86,0.974,PASS
SMALL,120,1.742,34231,119,1.81,0.986,PASS
SMALL,176,0.931,49860,174,1.82,0.99,PASS
SMALL,250,0.56,71525,249,1.82,0.993,PASS
SMALL,300,0.434,85688,298,1.83,0.995,PASS
SMALL,500,0.166,143376,498,1.83,0.998,PASS
