utc,t_s,vin_mv,vbat_mv,vout_mv,iout_ma,w_out
2026-10-05T00:52:20+00:00,549474.0,4991,3617,4971,619,3.077
2026-10-05T00:52:22+00:00,549476.0,4994,3616,4967,662,3.288
2026-10-05T00:52:24+00:00,549478.0,4988,3617,4964,651,3.232
2026-10-05T00:52:26+00:00,549480.0,4988,3617,4965,686,3.406
2026-10-05T00:52:28+00:00,549482.0,4982,3616,4964,695,3.450
2026-10-05T00:52:30+00:00,549484.0,4988,3617,4973,540,2.685
2026-10-05T00:52:32+00:00,549486.0,4994,3617,4976,516,2.568
2026-10-05T00:52:34+00:00,549488.0,5004,3617,4968,587,2.916
2026-10-05T00:52:36+00:00,549490.0,5001,3617,4967,601,2.985
2026-10-05T00:52:38+00:00,549492.0,4991,3617,4967,626,3.109
2026-10-05T00:52:40+00:00,549494.0,5010,3617,4972,478,2.377
2026-10-05T00:52:42+00:00,549496.0,5004,3616,4974,524,2.606
2026-10-05T00:52:44+00:00,549498.0,5004,3617,4969,575,2.857
2026-10-05T00:52:46+00:00,549500.0,5004,3616,4975,546,2.716
2026-10-05T00:52:48+00:00,549502.0,5004,3617,4978,491,2.444
2026-10-05T00:52:50+00:00,549504.0,5004,3617,4973,522,2.596
2026-10-05T00:52:52+00:00,549506.0,5004,3617,4968,542,2.693
2026-10-05T00:52:54+00:00,549508.0,4994,3617,4969,545,2.708
2026-10-05T00:52:56+00:00,549510.0,4994,3616,4972,509,2.531
2026-10-05T00:52:58+00:00,549512.0,4998,3617,4976,475,2.364
2026-10-05T00:53:00+00:00,549514.0,4998,3617,4969,549,2.728
2026-10-05T00:53:02+00:00,549516.0,4991,3616,4968,582,2.891
2026-10-05T00:53:04+00:00,549518.0,4991,3617,4969,607,3.016
2026-10-05T00:53:06+00:00,549520.0,4985,3617,4967,630,3.129
2026-10-05T00:53:09+00:00,549522.0,4991,3616,4967,689,3.422
2026-10-05T00:53:10+00:00,549524.0,4982,3616,4965,732,3.634
2026-10-05T00:53:12+00:00,549526.0,4988,3617,4968,778,3.865
2026-10-05T00:53:14+00:00,549528.0,4988,3617,4967,692,3.437
2026-10-05T00:53:16+00:00,549530.0,4982,3617,4967,744,3.695
2026-10-05T00:53:18+00:00,549532.0,4988,3617,4967,688,3.417
2026-10-05T00:53:20+00:00,549534.0,4985,3617,4967,759,3.770
2026-10-05T00:53:22+00:00,549536.0,4988,3617,4971,606,3.012
2026-10-05T00:53:24+00:00,549538.0,5007,3617,4975,538,2.677
2026-10-05T00:53:26+00:00,549540.0,5004,3617,4975,537,2.672
2026-10-05T00:53:28+00:00,549542.0,5004,3616,4977,518,2.578
2026-10-05T00:53:30+00:00,549544.0,5001,3617,4975,516,2.567
2026-10-05T00:53:32+00:00,549546.0,5007,3617,4975,512,2.547
2026-10-05T00:53:34+00:00,549548.0,5001,3617,4974,520,2.586
2026-10-05T00:53:36+00:00,549550.0,4994,3616,4976,522,2.597
2026-10-05T00:53:38+00:00,549552.0,5001,3617,4971,595,2.958
2026-10-05T00:53:40+00:00,549554.0,4998,3616,4976,533,2.652
2026-10-05T00:53:42+00:00,549556.0,4982,3617,4975,524,2.607
2026-10-05T00:53:44+00:00,549558.0,5004,3617,4978,527,2.623
2026-10-05T00:53:46+00:00,549560.0,5004,3616,4975,523,2.602
2026-10-05T00:53:48+00:00,549562.0,5004,3616,4976,511,2.543
2026-10-05T00:53:50+00:00,549564.0,4988,3616,4971,520,2.585
2026-10-05T00:53:52+00:00,549566.0,5001,3617,4971,569,2.828
2026-10-05T00:53:54+00:00,549568.0,4988,3617,4965,610,3.029
2026-10-05T00:53:56+00:00,549570.0,4985,3617,4965,682,3.386
2026-10-05T00:53:58+00:00,549572.0,4985,3617,4968,675,3.353
2026-10-05T00:54:00+00:00,549574.0,4985,3617,4967,673,3.343
2026-10-05T00:54:02+00:00,549576.0,4988,3617,4965,610,3.029
2026-10-05T00:54:04+00:00,549578.0,5001,3617,4965,578,2.870
2026-10-05T00:54:06+00:00,549580.0,5001,3617,4968,573,2.847
2026-10-05T00:54:08+00:00,549582.0,5001,3617,4968,595,2.956
2026-10-05T00:54:10+00:00,549584.0,5007,3617,4966,584,2.900
2026-10-05T00:54:12+00:00,549586.0,5007,3617,4974,502,2.497
2026-10-05T00:54:14+00:00,549588.0,4994,3617,4978,467,2.325
2026-10-05T00:54:16+00:00,549590.0,5004,3617,4969,560,2.783
2026-10-05T00:54:18+00:00,549592.0,4982,3617,4974,519,2.582
2026-10-05T00:54:20+00:00,549594.0,4982,3616,4967,496,2.464
2026-10-05T00:54:22+00:00,549596.0,5004,3617,4974,504,2.507
2026-10-05T00:54:24+00:00,549598.0,5007,3617,4969,555,2.758
2026-10-05T00:54:26+00:00,549600.0,5001,3617,4968,565,2.807
2026-10-05T00:54:28+00:00,549602.0,5001,3617,4973,521,2.591
2026-10-05T00:54:30+00:00,549604.0,4991,3617,4973,487,2.422
2026-10-05T00:54:32+00:00,549606.0,4994,3617,4973,520,2.586
2026-10-05T00:54:34+00:00,549608.0,4998,3616,4970,550,2.733
2026-10-05T00:54:36+00:00,549610.0,4994,3617,4967,634,3.149
2026-10-05T00:54:38+00:00,549612.0,5001,3616,4967,648,3.219
2026-10-05T00:54:40+00:00,549614.0,5004,3616,4968,634,3.150
2026-10-05T00:54:42+00:00,549616.0,4998,3616,4967,636,3.159
2026-10-05T00:54:44+00:00,549618.0,4991,3617,4965,722,3.585
2026-10-05T00:54:46+00:00,549620.0,4988,3617,4965,682,3.386
2026-10-05T00:54:48+00:00,549622.0,4985,3616,4965,740,3.674
2026-10-05T00:54:50+00:00,549624.0,4998,3617,4965,666,3.307
2026-10-05T00:54:52+00:00,549626.0,4985,3617,4965,771,3.828
2026-10-05T00:54:54+00:00,549628.0,4998,3616,4974,566,2.815
2026-10-05T00:54:56+00:00,549630.0,4991,3617,4974,529,2.631
2026-10-05T00:54:58+00:00,549632.0,4998,3617,4977,527,2.623
2026-10-05T00:55:00+00:00,549634.0,5010,3616,4977,517,2.573
2026-10-05T00:55:02+00:00,549636.0,5001,3617,4978,512,2.549
2026-10-05T00:55:04+00:00,549638.0,4998,3617,4978,500,2.489
2026-10-05T00:55:06+00:00,549640.0,4998,3617,4971,604,3.002
2026-10-05T00:55:08+00:00,549642.0,5004,3616,4974,546,2.716
2026-10-05T00:55:10+00:00,549644.0,5001,3617,4974,531,2.641
2026-10-05T00:55:12+00:00,549646.0,5004,3616,4976,515,2.563
2026-10-05T00:55:14+00:00,549648.0,5001,3617,4978,507,2.524
2026-10-05T00:55:16+00:00,549650.0,5001,3617,4976,506,2.518
2026-10-05T00:55:18+00:00,549652.0,4985,3617,4979,506,2.519
2026-10-05T00:55:20+00:00,549654.0,4988,3617,4978,512,2.549
2026-10-05T00:55:22+00:00,549656.0,4994,3616,4978,501,2.494
2026-10-05T00:55:24+00:00,549658.0,5001,3617,4969,597,2.966
2026-10-05T00:55:26+00:00,549660.0,4982,3616,4966,643,3.193
2026-10-05T00:55:28+00:00,549662.0,4982,3616,4967,672,3.338
2026-10-05T00:55:30+00:00,549664.0,4985,3617,4968,685,3.403
2026-10-05T00:55:32+00:00,549666.0,4985,3617,4967,688,3.417
2026-10-05T00:55:34+00:00,549668.0,4994,3617,4969,570,2.832
2026-10-05T00:55:36+00:00,549670.0,5001,3616,4973,522,2.596
2026-10-05T00:55:38+00:00,549672.0,4988,3617,4969,617,3.066
2026-10-05T00:55:40+00:00,549674.0,4988,3617,4969,585,2.907
2026-10-05T00:55:42+00:00,549676.0,4991,3617,4968,596,2.961
2026-10-05T00:55:44+00:00,549678.0,4998,3616,4970,477,2.371
2026-10-05T00:55:46+00:00,549680.0,5007,3616,4974,489,2.432
2026-10-05T00:55:48+00:00,549682.0,4991,3617,4968,553,2.747
2026-10-05T00:55:50+00:00,549684.0,4991,3617,4969,529,2.629
2026-10-05T00:55:52+00:00,549686.0,4991,3616,4976,492,2.448
2026-10-05T00:55:54+00:00,549688.0,5007,3616,4976,502,2.498
2026-10-05T00:55:56+00:00,549690.0,5004,3617,4969,524,2.604
2026-10-05T00:55:58+00:00,549692.0,5001,3617,4968,565,2.807
2026-10-05T00:56:00+00:00,549694.0,5013,3616,4974,508,2.527
2026-10-05T00:56:02+00:00,549696.0,4998,3617,4974,484,2.407
2026-10-05T00:56:04+00:00,549698.0,5001,3617,4972,526,2.615
2026-10-05T00:56:06+00:00,549700.0,4991,3616,4969,568,2.822
2026-10-05T00:56:08+00:00,549702.0,5001,3617,4967,662,3.288
2026-10-05T00:56:10+00:00,549704.0,5001,3617,4968,659,3.274
2026-10-05T00:56:13+00:00,549706.0,4998,3617,4967,668,3.318
2026-10-05T00:56:14+00:00,549708.0,4985,3617,4967,693,3.442
2026-10-05T00:56:16+00:00,549710.0,4982,3617,4965,720,3.575
2026-10-05T00:56:18+00:00,549712.0,4991,3617,4965,664,3.297
2026-10-05T00:56:20+00:00,549714.0,4991,3617,4965,747,3.709
2026-10-05T00:56:22+00:00,549716.0,4988,3616,4967,698,3.467
2026-10-05T00:56:24+00:00,549718.0,4985,3617,4966,814,4.042
2026-10-05T00:56:26+00:00,549720.0,4991,3617,4973,608,3.024
2026-10-05T00:56:28+00:00,549722.0,5001,3617,4974,545,2.711
2026-10-05T00:56:30+00:00,549724.0,5001,3617,4974,516,2.567
2026-10-05T00:56:32+00:00,549726.0,4985,3616,4975,519,2.582
2026-10-05T00:56:34+00:00,549728.0,4998,3616,4976,521,2.592
2026-10-05T00:56:36+00:00,549730.0,4998,3616,4974,518,2.577
2026-10-05T00:56:38+00:00,549732.0,4998,3617,4974,526,2.616
2026-10-05T00:56:40+00:00,549734.0,5001,3617,4974,551,2.741
2026-10-05T00:56:42+00:00,549736.0,5007,3617,4975,526,2.617
2026-10-05T00:56:44+00:00,549738.0,5001,3617,4975,521,2.592
2026-10-05T00:56:46+00:00,549740.0,5010,3617,4977,528,2.628
2026-10-05T00:56:48+00:00,549742.0,4998,3616,4978,513,2.554
2026-10-05T00:56:50+00:00,549744.0,4991,3617,4979,504,2.509
2026-10-05T00:56:52+00:00,549746.0,4988,3617,4979,504,2.509
2026-10-05T00:56:54+00:00,549748.0,4994,3616,4978,500,2.489
2026-10-05T00:56:56+00:00,549750.0,5004,3617,4973,573,2.850
2026-10-05T00:56:58+00:00,549752.0,5001,3617,4968,619,3.075
2026-10-05T00:57:00+00:00,549754.0,4994,3617,4967,677,3.363
2026-10-05T00:57:02+00:00,549756.0,4982,3617,4965,690,3.426
2026-10-05T00:57:04+00:00,549758.0,4985,3617,4965,673,3.341
2026-10-05T00:57:06+00:00,549760.0,5001,3617,4969,564,2.803
2026-10-05T00:57:08+00:00,549762.0,5007,3616,4972,484,2.406
2026-10-05T00:57:10+00:00,549764.0,5001,3617,4968,605,3.006
2026-10-05T00:57:12+00:00,549766.0,4998,3617,4968,601,2.986
2026-10-05T00:57:14+00:00,549768.0,4998,3616,4967,591,2.935
2026-10-05T00:57:16+00:00,549770.0,4998,3617,4967,508,2.523
2026-10-05T00:57:18+00:00,549772.0,4998,3617,4967,483,2.399
2026-10-05T00:57:20+00:00,549774.0,5007,3616,4968,558,2.772
2026-10-05T00:57:22+00:00,549776.0,5004,3618,4973,558,2.775
2026-10-05T00:57:24+00:00,549778.0,5001,3617,4974,478,2.378
2026-10-05T00:57:26+00:00,549780.0,4994,3617,4971,505,2.510
2026-10-05T00:57:28+00:00,549782.0,5001,3617,4971,536,2.664
2026-10-05T00:57:30+00:00,549784.0,4998,3617,4971,546,2.714
2026-10-05T00:57:32+00:00,549786.0,5001,3616,4971,509,2.530
2026-10-05T00:57:34+00:00,549788.0,4994,3617,4975,477,2.373
2026-10-05T00:57:36+00:00,549790.0,4985,3617,4972,538,2.675
2026-10-05T00:57:38+00:00,549792.0,5007,3617,4970,563,2.798
2026-10-05T00:57:40+00:00,549794.0,4985,3616,4967,632,3.139
2026-10-05T00:57:42+00:00,549796.0,4994,3617,4964,617,3.063
2026-10-05T00:57:44+00:00,549798.0,5004,3617,4965,671,3.332
2026-10-05T00:57:46+00:00,549800.0,5004,3617,4965,744,3.694
2026-10-05T00:57:48+00:00,549802.0,4998,3617,4964,705,3.500
2026-10-05T00:57:50+00:00,549804.0,4982,3617,4965,731,3.629
2026-10-05T00:57:52+00:00,549806.0,4982,3616,4967,686,3.407
2026-10-05T00:57:54+00:00,549808.0,4988,3617,4968,645,3.204
2026-10-05T00:57:56+00:00,549810.0,4991,3617,4967,737,3.661
2026-10-05T00:57:58+00:00,549812.0,4988,3617,4974,550,2.736
2026-10-05T00:58:00+00:00,549814.0,4985,3617,4975,531,2.642
2026-10-05T00:58:02+00:00,549816.0,4994,3617,4977,517,2.573
2026-10-05T00:58:04+00:00,549818.0,5010,3617,4978,507,2.524
2026-10-05T00:58:06+00:00,549820.0,5007,3618,4979,509,2.534
2026-10-05T00:58:08+00:00,549822.0,5001,3616,4979,506,2.519
2026-10-05T00:58:10+00:00,549824.0,5001,3616,4978,505,2.514
2026-10-05T00:58:12+00:00,549826.0,5001,3617,4973,562,2.795
2026-10-05T00:58:14+00:00,549828.0,5007,3617,4975,531,2.642
2026-10-05T00:58:16+00:00,549830.0,5001,3616,4974,527,2.621
2026-10-05T00:58:18+00:00,549832.0,5007,3617,4976,507,2.523
2026-10-05T00:58:20+00:00,549834.0,5004,3617,4978,513,2.554
2026-10-05T00:58:22+00:00,549836.0,4994,3617,4979,503,2.504
2026-10-05T00:58:24+00:00,549838.0,5010,3617,4978,506,2.519
2026-10-05T00:58:26+00:00,549840.0,5007,3617,4975,508,2.527
2026-10-05T00:58:28+00:00,549842.0,4998,3616,4968,604,3.001
2026-10-05T00:58:30+00:00,549844.0,4998,3617,4967,666,3.308
2026-10-05T00:58:32+00:00,549846.0,5004,3617,4967,662,3.288
2026-10-05T00:58:34+00:00,549848.0,4991,3617,4967,684,3.397
2026-10-05T00:58:37+00:00,549850.0,4998,3617,4966,722,3.585
2026-10-05T00:58:38+00:00,549852.0,5004,3617,4970,573,2.848
2026-10-05T00:58:40+00:00,549854.0,5007,3617,4974,529,2.631
2026-10-05T00:58:42+00:00,549856.0,5010,3617,4969,585,2.907
2026-10-05T00:58:44+00:00,549858.0,4988,3617,4967,608,3.020
2026-10-05T00:58:46+00:00,549860.0,4988,3617,4967,618,3.070
2026-10-05T00:58:48+00:00,549862.0,5001,3616,4975,484,2.408
2026-10-05T00:58:50+00:00,549864.0,5007,3617,4971,489,2.431
2026-10-05T00:58:52+00:00,549866.0,4998,3617,4969,553,2.748
2026-10-05T00:58:54+00:00,549868.0,5001,3617,4973,504,2.506
2026-10-05T00:58:56+00:00,549870.0,4991,3616,4975,476,2.368
2026-10-05T00:58:58+00:00,549872.0,4988,3616,4974,524,2.606
2026-10-05T00:59:00+00:00,549874.0,4991,3616,4969,546,2.713
2026-10-05T00:59:02+00:00,549876.0,5010,3617,4968,575,2.857
2026-10-05T00:59:04+00:00,549878.0,5004,3616,4973,489,2.432
2026-10-05T00:59:06+00:00,549880.0,4998,3616,4974,472,2.348
2026-10-05T00:59:08+00:00,549882.0,4994,3616,4973,537,2.671
2026-10-05T00:59:10+00:00,549884.0,4985,3617,4969,557,2.768
2026-10-05T00:59:12+00:00,549886.0,4985,3616,4967,634,3.149
2026-10-05T00:59:14+00:00,549888.0,4988,3616,4969,671,3.334
2026-10-05T00:59:16+00:00,549890.0,4985,3617,4968,657,3.264
2026-10-05T00:59:18+00:00,549892.0,4985,3616,4967,694,3.447
2026-10-05T00:59:20+00:00,549894.0,4994,3617,4966,673,3.342
2026-10-05T00:59:22+00:00,549896.0,4991,3617,4966,742,3.685
2026-10-05T00:59:24+00:00,549898.0,4982,3617,4969,688,3.419
2026-10-05T00:59:26+00:00,549900.0,4988,3616,4968,762,3.786
2026-10-05T00:59:28+00:00,549902.0,4988,3617,4974,612,3.044
2026-10-05T00:59:30+00:00,549904.0,4994,3617,4977,530,2.638
2026-10-05T00:59:32+00:00,549906.0,5007,3617,4979,521,2.594
2026-10-05T00:59:34+00:00,549908.0,5007,3617,4978,534,2.658
2026-10-05T00:59:36+00:00,549910.0,5001,3617,4977,516,2.568
2026-10-05T00:59:38+00:00,549912.0,5004,3617,4976,521,2.592
2026-10-05T00:59:40+00:00,549914.0,5010,3617,4978,507,2.524
2026-10-05T00:59:42+00:00,549916.0,4991,3617,4977,511,2.543
2026-10-05T00:59:44+00:00,549918.0,5001,3617,4971,569,2.828
2026-10-05T00:59:46+00:00,549920.0,4988,3616,4974,538,2.676
2026-10-05T00:59:48+00:00,549922.0,4982,3617,4976,526,2.617
2026-10-05T00:59:50+00:00,549924.0,4985,3616,4977,504,2.508
2026-10-05T00:59:52+00:00,549926.0,4985,3616,4978,536,2.668
2026-10-05T00:59:54+00:00,549928.0,4994,3616,4978,524,2.608
2026-10-05T00:59:56+00:00,549930.0,5001,3616,4978,516,2.569
2026-10-05T00:59:58+00:00,549932.0,4998,3617,4969,583,2.897
2026-10-05T01:00:00+00:00,549934.0,4988,3616,4968,631,3.135
2026-10-05T01:00:02+00:00,549936.0,4998,3616,4965,650,3.227
2026-10-05T01:00:04+00:00,549938.0,4994,3617,4967,674,3.348
2026-10-05T01:00:06+00:00,549940.0,4985,3616,4966,681,3.382
2026-10-05T01:00:08+00:00,549942.0,4998,3617,4967,637,3.164
2026-10-05T01:00:10+00:00,549944.0,4998,3617,4972,509,2.531
2026-10-05T01:00:12+00:00,549946.0,4991,3616,4973,526,2.616
2026-10-05T01:00:14+00:00,549948.0,4998,3617,4968,556,2.762
2026-10-05T01:00:16+00:00,549950.0,5007,3617,4967,602,2.990
2026-10-05T01:00:18+00:00,549952.0,5013,3616,4971,563,2.799
2026-10-05T01:00:20+00:00,549954.0,5001,3616,4971,464,2.307
2026-10-05T01:00:22+00:00,549956.0,5004,3617,4969,529,2.629
2026-10-05T01:00:24+00:00,549958.0,5010,3617,4968,547,2.717
2026-10-05T01:00:26+00:00,549960.0,5010,3617,4974,511,2.542
2026-10-05T01:00:28+00:00,549962.0,5001,3617,4978,489,2.434
2026-10-05T01:00:30+00:00,549964.0,5004,3617,4971,538,2.674
2026-10-05T01:00:32+00:00,549966.0,5004,3617,4968,570,2.832
2026-10-05T01:00:34+00:00,549968.0,4998,3616,4969,552,2.743
2026-10-05T01:00:36+00:00,549970.0,4998,3616,4975,494,2.458
2026-10-05T01:00:38+00:00,549972.0,4988,3617,4974,489,2.432
2026-10-05T01:00:40+00:00,549974.0,4991,3617,4969,548,2.723
2026-10-05T01:00:42+00:00,549976.0,5001,3617,4967,602,2.990
2026-10-05T01:00:44+00:00,549978.0,4998,3617,4966,625,3.104
2026-10-05T01:00:46+00:00,549980.0,4988,3616,4967,723,3.591
2026-10-05T01:00:48+00:00,549982.0,4985,3617,4965,712,3.535
2026-10-05T01:00:50+00:00,549984.0,4991,3616,4966,732,3.635
2026-10-05T01:00:52+00:00,549986.0,4988,3617,4965,688,3.416
2026-10-05T01:00:54+00:00,549988.0,4988,3616,4966,724,3.595
2026-10-05T01:00:56+00:00,549990.0,4988,3617,4967,713,3.541
2026-10-05T01:00:58+00:00,549992.0,4985,3617,4968,627,3.115
2026-10-05T01:01:00+00:00,549994.0,4982,3617,4969,651,3.235
2026-10-05T01:01:02+00:00,549996.0,4991,3617,4973,542,2.695
2026-10-05T01:01:04+00:00,549998.0,4994,3617,4975,531,2.642
2026-10-05T01:01:06+00:00,550000.0,5001,3617,4978,503,2.504
2026-10-05T01:01:08+00:00,550002.0,4985,3616,4978,511,2.544
2026-10-05T01:01:10+00:00,550004.0,4988,3617,4978,514,2.559
2026-10-05T01:01:12+00:00,550006.0,5001,3617,4978,502,2.499
2026-10-05T01:01:14+00:00,550008.0,5001,3616,4976,511,2.543
2026-10-05T01:01:16+00:00,550010.0,4985,3617,4978,509,2.534
2026-10-05T01:01:18+00:00,550012.0,4998,3617,4974,549,2.731
2026-10-05T01:01:20+00:00,550014.0,4985,3617,4974,531,2.641
2026-10-05T01:01:22+00:00,550016.0,5004,3617,4976,511,2.543
2026-10-05T01:01:24+00:00,550018.0,5010,3617,4977,507,2.523
2026-10-05T01:01:26+00:00,550020.0,5001,3616,4976,513,2.553
2026-10-05T01:01:28+00:00,550022.0,5007,3617,4975,509,2.532
2026-10-05T01:01:30+00:00,550024.0,5004,3617,4973,551,2.740
2026-10-05T01:01:32+00:00,550026.0,4982,3617,4968,600,2.981
2026-10-05T01:01:34+00:00,550028.0,4994,3617,4969,683,3.394
2026-10-05T01:01:36+00:00,550030.0,4985,3617,4967,683,3.392
2026-10-05T01:01:38+00:00,550032.0,4988,3616,4966,671,3.332
2026-10-05T01:01:40+00:00,550034.0,5001,3617,4971,610,3.032
2026-10-05T01:01:42+00:00,550036.0,5007,3617,4976,504,2.508
2026-10-05T01:01:44+00:00,550038.0,5001,3617,4969,550,2.733
2026-10-05T01:01:46+00:00,550040.0,4994,3617,4968,585,2.906
2026-10-05T01:01:48+00:00,550042.0,5004,3617,4966,622,3.089
2026-10-05T01:01:50+00:00,550044.0,5001,3616,4971,509,2.530
2026-10-05T01:01:52+00:00,550046.0,5004,3616,4973,519,2.581
2026-10-05T01:01:54+00:00,550048.0,5004,3617,4968,544,2.703
2026-10-05T01:01:56+00:00,550050.0,5004,3617,4967,511,2.538
2026-10-05T01:01:58+00:00,550052.0,5004,3617,4977,518,2.578
2026-10-05T01:02:00+00:00,550054.0,5001,3616,4973,518,2.576
2026-10-05T01:02:02+00:00,550056.0,4985,3616,4969,545,2.708
2026-10-05T01:02:04+00:00,550058.0,4988,3617,4969,536,2.663
2026-10-05T01:02:06+00:00,550060.0,4994,3616,4972,515,2.561
2026-10-05T01:02:08+00:00,550062.0,4998,3617,4971,489,2.431
2026-10-05T01:02:10+00:00,550064.0,4988,3616,4975,513,2.552
2026-10-05T01:02:12+00:00,550066.0,4988,3617,4967,561,2.786
2026-10-05T01:02:14+00:00,550068.0,4991,3617,4967,649,3.224
2026-10-05T01:02:16+00:00,550070.0,4988,3617,4968,682,3.388
2026-10-05T01:02:18+00:00,550072.0,4985,3617,4966,674,3.347
2026-10-05T01:02:20+00:00,550074.0,4991,3616,4964,818,4.061
2026-10-05T01:02:22+00:00,550076.1,4988,3616,4963,693,3.439
2026-10-05T01:02:24+00:00,550078.1,4998,3616,4964,759,3.768
2026-10-05T01:02:26+00:00,550080.1,4988,3616,4964,683,3.390
2026-10-05T01:02:28+00:00,550082.1,4985,3617,4965,790,3.922
2026-10-05T01:02:30+00:00,550084.1,4988,3616,4973,580,2.884
2026-10-05T01:02:32+00:00,550086.1,4994,3617,4974,534,2.656
2026-10-05T01:02:34+00:00,550088.1,4994,3617,4973,541,2.690
2026-10-05T01:02:36+00:00,550090.1,5007,3616,4974,516,2.567
2026-10-05T01:02:38+00:00,550092.1,5007,3617,4978,518,2.579
2026-10-05T01:02:40+00:00,550094.1,4985,3617,4978,510,2.539
2026-10-05T01:02:42+00:00,550096.1,4991,3616,4978,507,2.524
2026-10-05T01:02:44+00:00,550098.1,4991,3617,4974,535,2.661
2026-10-05T01:02:46+00:00,550100.1,4991,3617,4977,513,2.553
2026-10-05T01:02:48+00:00,550102.1,4991,3616,4975,521,2.592
2026-10-05T01:02:50+00:00,550104.1,4991,3616,4969,579,2.877
2026-10-05T01:02:52+00:00,550106.1,4988,3617,4974,548,2.726
2026-10-05T01:02:54+00:00,550108.1,4998,3617,4974,525,2.611
2026-10-05T01:02:56+00:00,550110.1,5004,3616,4974,507,2.522
2026-10-05T01:02:58+00:00,550112.1,4998,3617,4976,509,2.533
2026-10-05T01:03:00+00:00,550114.1,4991,3616,4969,612,3.041
2026-10-05T01:03:02+00:00,550116.1,4998,3616,4967,649,3.224
2026-10-05T01:03:04+00:00,550118.1,4985,3616,4967,661,3.283
2026-10-05T01:03:06+00:00,550120.1,4988,3616,4965,673,3.341
2026-10-05T01:03:08+00:00,550122.1,4988,3616,4967,674,3.348
2026-10-05T01:03:10+00:00,550124.1,4988,3616,4971,570,2.833
2026-10-05T01:03:12+00:00,550126.1,4985,3617,4976,499,2.483
2026-10-05T01:03:14+00:00,550128.1,5001,3616,4969,548,2.723
2026-10-05T01:03:16+00:00,550130.1,5004,3617,4969,558,2.773
2026-10-05T01:03:18+00:00,550132.1,5004,3616,4966,574,2.850
2026-10-05T01:03:20+00:00,550134.1,5004,3617,4968,500,2.484
2026-10-05T01:03:22+00:00,550136.1,4994,3619,4975,521,2.592
2026-10-05T01:03:24+00:00,550138.1,5007,3617,4971,555,2.759
2026-10-05T01:03:26+00:00,550140.1,5004,3617,4973,523,2.601
2026-10-05T01:03:28+00:00,550142.1,5001,3617,4978,503,2.504
2026-10-05T01:03:30+00:00,550144.1,4988,3617,4977,534,2.658
2026-10-05T01:03:32+00:00,550146.1,4985,3616,4973,544,2.705
2026-10-05T01:03:34+00:00,550148.1,5004,3616,4967,562,2.791
2026-10-05T01:03:36+00:00,550150.1,5004,3616,4974,507,2.522
2026-10-05T01:03:38+00:00,550152.1,5007,3617,4978,481,2.394
2026-10-05T01:03:40+00:00,550154.1,5007,3617,4972,512,2.546
2026-10-05T01:03:42+00:00,550156.1,5001,3617,4969,566,2.812
2026-10-05T01:03:44+00:00,550158.1,4988,3616,4967,627,3.114
2026-10-05T01:03:46+00:00,550160.1,5001,3616,4965,640,3.178
2026-10-05T01:03:48+00:00,550162.1,4988,3616,4964,658,3.266
2026-10-05T01:03:50+00:00,550164.1,4994,3616,4963,767,3.807
2026-10-05T01:03:52+00:00,550166.1,5001,3617,4964,718,3.564
2026-10-05T01:03:54+00:00,550168.1,4991,3617,4964,737,3.658
2026-10-05T01:03:56+00:00,550170.1,4991,3617,4964,741,3.678
2026-10-05T01:03:58+00:00,550172.1,4985,3617,4964,656,3.256
2026-10-05T01:04:00+00:00,550174.1,4988,3617,4964,723,3.589
2026-10-05T01:04:02+00:00,550176.1,4988,3616,4973,553,2.750
2026-10-05T01:04:04+00:00,550178.1,4998,3616,4976,529,2.632
2026-10-05T01:04:06+00:00,550180.1,4988,3616,4975,505,2.512
2026-10-05T01:04:08+00:00,550182.1,5013,3616,4976,512,2.548
2026-10-05T01:04:10+00:00,550184.1,5007,3617,4978,508,2.529
2026-10-05T01:04:12+00:00,550186.1,5010,3616,4978,514,2.559
2026-10-05T01:04:14+00:00,550188.1,5004,3617,4978,511,2.544
2026-10-05T01:04:16+00:00,550190.1,4998,3617,4978,509,2.534
2026-10-05T01:04:18+00:00,550192.1,5001,3616,4978,492,2.449
2026-10-05T01:04:20+00:00,550194.1,4988,3616,4976,519,2.583
2026-10-05T01:04:22+00:00,550196.1,4991,3616,4975,512,2.547
2026-10-05T01:04:24+00:00,550198.1,4998,3616,4974,550,2.736
2026-10-05T01:04:26+00:00,550200.1,4994,3616,4974,566,2.815
2026-10-05T01:04:28+00:00,550202.1,4994,3617,4975,537,2.672
2026-10-05T01:04:30+00:00,550204.1,5007,3616,4978,520,2.589
2026-10-05T01:04:32+00:00,550206.1,4994,3616,4967,587,2.916
2026-10-05T01:04:34+00:00,550208.1,4985,3617,4967,670,3.328
2026-10-05T01:04:36+00:00,550210.1,5001,3617,4967,656,3.258
2026-10-05T01:04:38+00:00,550212.1,4988,3617,4968,685,3.403
2026-10-05T01:04:41+00:00,550214.1,4982,3617,4967,676,3.358
2026-10-05T01:04:42+00:00,550216.1,4991,3618,4970,593,2.947
2026-10-05T01:04:44+00:00,550218.1,4998,3616,4974,527,2.621
2026-10-05T01:04:46+00:00,550220.1,4985,3616,4968,576,2.862
2026-10-05T01:04:48+00:00,550222.1,4994,3616,4967,600,2.980
2026-10-05T01:04:50+00:00,550224.1,4998,3616,4968,590,2.931
2026-10-05T01:04:52+00:00,550226.1,4985,3616,4963,492,2.442
2026-10-05T01:04:54+00:00,550228.1,5004,3617,4976,519,2.583
2026-10-05T01:04:56+00:00,550230.1,5001,3617,4967,598,2.970
2026-10-05T01:04:58+00:00,550232.1,4991,3616,4974,558,2.775
2026-10-05T01:05:00+00:00,550234.1,5007,3617,4973,489,2.432
2026-10-05T01:05:02+00:00,550236.1,5001,3617,4974,530,2.636
2026-10-05T01:05:04+00:00,550238.1,5001,3616,4967,563,2.796
2026-10-05T01:05:06+00:00,550240.1,5001,3616,4968,593,2.946
2026-10-05T01:05:08+00:00,550242.1,4998,3617,4974,507,2.522
2026-10-05T01:05:10+00:00,550244.1,4991,3617,4974,499,2.482
2026-10-05T01:05:12+00:00,550246.1,4988,3616,4974,517,2.572
2026-10-05T01:05:14+00:00,550248.1,4991,3616,4969,570,2.832
2026-10-05T01:05:16+00:00,550250.1,4991,3616,4967,627,3.114
2026-10-05T01:05:18+00:00,550252.1,5004,3616,4967,640,3.179
2026-10-05T01:05:20+00:00,550254.1,5001,3616,4968,665,3.304
2026-10-05T01:05:22+00:00,550256.1,4994,3617,4967,671,3.333
2026-10-05T01:05:24+00:00,550258.1,4985,3616,4967,665,3.303
2026-10-05T01:05:26+00:00,550260.1,5010,3617,4968,688,3.418
2026-10-05T01:05:28+00:00,550262.1,4988,3617,4965,773,3.838
2026-10-05T01:05:30+00:00,550264.1,4994,3616,4966,681,3.382
2026-10-05T01:05:32+00:00,550266.1,5001,3617,4965,794,3.942
2026-10-05T01:05:34+00:00,550268.1,4991,3617,4973,588,2.924
2026-10-05T01:05:36+00:00,550270.1,5010,3616,4978,532,2.648
2026-10-05T01:05:38+00:00,550272.1,4998,3617,4976,526,2.617
2026-10-05T01:05:40+00:00,550274.1,4994,3617,4978,519,2.584
2026-10-05T01:05:42+00:00,550276.1,4991,3617,4979,511,2.544
2026-10-05T01:05:44+00:00,550278.1,4988,3617,4973,559,2.780
2026-10-05T01:05:46+00:00,550280.1,4985,3617,4973,548,2.725
2026-10-05T01:05:48+00:00,550282.1,4994,3617,4973,563,2.800
2026-10-05T01:05:50+00:00,550284.1,5007,3617,4975,521,2.592
2026-10-05T01:05:52+00:00,550286.1,4998,3616,4975,511,2.542
2026-10-05T01:05:54+00:00,550288.1,5007,3617,4979,517,2.574
2026-10-05T01:05:56+00:00,550290.1,5001,3617,4978,514,2.559
2026-10-05T01:05:58+00:00,550292.1,5001,3616,4973,554,2.755
2026-10-05T01:06:00+00:00,550294.1,4998,3617,4973,575,2.859
2026-10-05T01:06:02+00:00,550296.1,5007,3617,4976,522,2.597
2026-10-05T01:06:04+00:00,550298.1,4985,3617,4969,608,3.021
2026-10-05T01:06:06+00:00,550300.1,4982,3616,4967,628,3.119
2026-10-05T01:06:08+00:00,550302.1,4991,3617,4967,668,3.318
2026-10-05T01:06:10+00:00,550304.1,4998,3617,4967,686,3.407
2026-10-05T01:06:12+00:00,550306.1,5001,3617,4966,685,3.402
2026-10-05T01:06:14+00:00,550308.1,5001,3616,4966,615,3.054
2026-10-05T01:06:16+00:00,550310.1,4998,3617,4974,547,2.721
2026-10-05T01:06:18+00:00,550312.1,5001,3616,4973,544,2.705
2026-10-05T01:06:20+00:00,550314.1,4985,3617,4968,617,3.065
2026-10-05T01:06:22+00:00,550316.1,5007,3616,4969,582,2.892
2026-10-05T01:06:24+00:00,550318.1,4988,3616,4969,534,2.653
2026-10-05T01:06:26+00:00,550320.1,5016,3617,4976,465,2.314
2026-10-05T01:06:28+00:00,550322.1,4991,3617,4969,639,3.175
2026-10-05T01:06:30+00:00,550324.1,4994,3617,4969,548,2.723
2026-10-05T01:06:32+00:00,550326.1,5001,3616,4975,534,2.657
2026-10-05T01:06:34+00:00,550328.1,4988,3617,4976,509,2.533
2026-10-05T01:06:36+00:00,550330.1,5001,3617,4972,541,2.690
2026-10-05T01:06:38+00:00,550332.1,5007,3616,4968,568,2.822
2026-10-05T01:06:40+00:00,550334.1,4998,3617,4971,537,2.669
2026-10-05T01:06:42+00:00,550336.1,5004,3617,4973,486,2.417
2026-10-05T01:06:44+00:00,550338.1,4991,3617,4976,471,2.344
2026-10-05T01:06:46+00:00,550340.1,5007,3617,4968,556,2.762
2026-10-05T01:06:48+00:00,550342.1,5007,3616,4967,658,3.268
2026-10-05T01:06:50+00:00,550344.1,5007,3617,4968,664,3.299
2026-10-05T01:06:52+00:00,550346.1,5004,3616,4967,641,3.184
2026-10-05T01:06:54+00:00,550348.1,5004,3616,4968,681,3.383
2026-10-05T01:06:56+00:00,550350.1,4998,3617,4969,703,3.493
2026-10-05T01:06:58+00:00,550352.1,4991,3616,4968,696,3.458
2026-10-05T01:07:00+00:00,550354.1,4991,3616,4965,796,3.952
2026-10-05T01:07:02+00:00,550356.1,4991,3616,4964,673,3.341
2026-10-05T01:07:04+00:00,550358.1,5001,3616,4964,749,3.718
