mode,i,rc,elapsed_s,jpeg_bytes,dng_bytes
plain,1,0,3.76389,1605810,0
plain,2,0,3.35195,1607771,0
plain,3,0,3.32524,1608985,0
plain,4,0,3.3272,1609424,0
plain,5,0,3.31172,1609384,0
plain,6,0,3.32908,1610070,0
plain,7,0,3.3245,1608465,0
plain,8,0,3.32342,1607382,0
plain,9,0,3.22378,1606895,0
plain,10,0,3.32678,1607259,0
raw,1,0,3.60456,1604539,24029068
raw,2,0,3.50213,1608694,24029068
raw,3,0,3.89889,1612473,24029068
raw,4,0,3.63037,1611892,24029068
raw,5,0,3.59396,1614256,24029068
raw,6,0,3.53898,1611719,24029068
raw,7,0,3.60537,1612682,24029068
raw,8,0,3.58316,1610390,24029068
raw,9,0,3.58936,1609202,24029068
raw,10,0,3.64333,1609970,24029068
