preset,i,rc,wall_s,bytes,distance,cjxl_s_sum,peak_rss_kb,rfb
1600x900,1,0,8.09262,50020,3.8,6.337,38292,
1600x900,2,0,7.47279,50020,3.8,6.331,38220,
1600x900,3,0,7.47468,50020,3.8,6.33,38224,
1600x900,4,0,7.47676,50020,3.8,6.331,38232,
1600x900,5,0,7.42784,50020,3.8,6.281,38228,
1600x900,6,0,7.42907,50020,3.8,6.281,38240,
1600x900,7,0,7.47317,50020,3.8,6.331,38236,
1600x900,8,0,7.45147,50020,3.8,6.282,38244,
1600x900,9,0,7.44021,50020,3.8,6.28,38240,
1600x900,10,0,7.47674,50020,3.8,6.33,38236,
2304x1296,1,0,13.7929,48130,10.1,12.506,51332,
2304x1296,2,0,13.7336,48130,10.1,12.455,51332,
2304x1296,3,0,13.7339,48130,10.1,12.453,51332,
2304x1296,4,0,13.7325,48130,10.1,12.453,51332,
2304x1296,5,0,13.7436,48130,10.1,12.455,51332,
2304x1296,6,0,13.7843,48130,10.1,12.507,51332,
2304x1296,7,0,13.7526,48130,10.1,12.455,51332,
2304x1296,8,0,13.7347,48130,10.1,12.453,51332,
2304x1296,9,0,13.7383,48130,10.1,12.454,51332,
2304x1296,10,0,13.7339,48130,10.1,12.453,51332,
