mode,i,rc,elapsed_s,jpeg_bytes,dng_bytes,cma_free_min_kb
plain,1,0,3.69394,1562644,0,
plain,2,0,3.25702,1564359,0,
plain,3,0,3.25148,1565818,0,
plain,4,0,3.24712,1566957,0,
plain,5,0,3.24364,1566489,0,
plain,6,0,3.24071,1566096,0,
plain,7,0,3.23275,1567442,0,
plain,8,0,3.25707,1566051,0,
plain,9,0,3.23367,1566247,0,
plain,10,0,3.24908,1563892,0,
raw,1,0,3.53662,1563182,24029068,
raw,2,0,3.6193,1561410,24029068,
raw,3,0,3.52916,1561545,24029068,
raw,4,0,3.50469,1561392,24029068,
raw,5,0,3.48974,1559103,24029068,
raw,6,0,3.48944,1568095,24029068,
raw,7,0,3.48663,1568192,24029068,
raw,8,0,3.49273,1569348,24029068,
raw,9,0,3.48736,1568952,24029068,
raw,10,0,3.48111,1569438,24029068,
