frame,roi,cap,status,encodes,d,bytes,fill
0,800x450,180,ok,1,3.8,22313,0.4304
0,800x450,195,ok,1,3.8,22313,0.3973
0,1200x676,180,ok,1,3.8,35324,0.6814
0,1200x676,195,ok,1,3.8,35324,0.629
0,1600x900,180,ok,1,3.8,51234,0.9883
0,1600x900,195,ok,1,3.8,51234,0.9123
0,2000x1124,180,ok,4,8.25,42275,0.8155
0,2000x1124,195,ok,3,5.95,54029,0.9621
0,2304x1296,180,fallback,4,,,
0,2304x1296,195,fallback,4,,,
0,3072x1728,180,fallback,4,,,
0,3072x1728,195,fallback,4,,,
1,800x450,180,ok,1,3.8,22267,0.4295
1,800x450,195,ok,1,3.8,22267,0.3965
1,1200x676,180,ok,1,3.8,35284,0.6806
1,1200x676,195,ok,1,3.8,35284,0.6283
1,1600x900,180,ok,1,3.8,51249,0.9886
1,1600x900,195,ok,1,3.8,51249,0.9126
1,2000x1124,180,ok,4,8.25,42394,0.8178
1,2000x1124,195,ok,3,5.95,53995,0.9614
1,2304x1296,180,fallback,4,,,
1,2304x1296,195,fallback,4,,,
1,3072x1728,180,fallback,4,,,
1,3072x1728,195,fallback,4,,,
2,800x450,180,ok,1,3.8,22247,0.4291
2,800x450,195,ok,1,3.8,22247,0.3961
2,1200x676,180,ok,1,3.8,35285,0.6807
2,1200x676,195,ok,1,3.8,35285,0.6283
2,1600x900,180,ok,1,3.8,51245,0.9885
2,1600x900,195,ok,1,3.8,51245,0.9125
2,2000x1124,180,ok,4,8.25,42380,0.8175
2,2000x1124,195,ok,3,5.95,54000,0.9615
2,2304x1296,180,fallback,4,,,
2,2304x1296,195,fallback,4,,,
2,3072x1728,180,fallback,4,,,
2,3072x1728,195,fallback,4,,,
