frame,roi,budget,effort,method,encodes,fits,distance,bytes,messages,fill,ssim_card,ssim_tex,ssim_roi,acu,de_raw,de_truth
0,800x450,180,5,byte_target,3,True,1.082,50011,174,0.9647,0.991,0.9903,0.991,0.998,0.104,1.288
0,800x450,250,5,byte_target,3,True,0.611,70415,245,0.978,0.9945,0.9946,0.9945,1.007,0.106,1.404
0,800x450,500,5,byte_target,2,True,0.179,136160,473,0.9456,0.9983,0.9987,0.9983,1.001,0.025,1.422
0,800x450,180,7,byte_target,3,True,0.979,49997,174,0.9644,0.9917,0.9912,0.9917,0.996,0.119,1.347
0,800x450,250,7,byte_target,3,True,0.583,70097,244,0.9736,0.9947,0.9949,0.9947,1.004,0.096,1.406
0,800x450,500,7,byte_target,2,True,0.176,135606,471,0.9417,0.9983,0.9988,0.9983,1.003,0.024,1.427
0,1200x676,180,5,byte_target,2,True,2.276,51269,179,0.989,0.9825,0.9786,0.984,1.014,0.194,1.303
0,1200x676,250,5,byte_target,2,True,1.425,70822,246,0.9836,0.9885,0.9871,0.9892,1.006,0.131,1.47
0,1200x676,500,5,byte_target,1,True,0.526,138809,482,0.964,0.9952,0.9955,0.9952,1.0,0.083,1.391
0,1200x676,180,7,byte_target,2,True,2.086,50696,177,0.9779,0.9838,0.9806,0.9851,1.018,0.219,1.238
0,1200x676,250,7,byte_target,2,True,1.305,69441,242,0.9645,0.9894,0.9883,0.9899,0.995,0.146,1.525
0,1200x676,500,7,byte_target,2,True,0.49,137473,478,0.9547,0.9955,0.9958,0.9955,1.004,0.071,1.45
0,1600x900,180,5,byte_target,1,True,3.868,50537,176,0.9749,0.9701,0.9681,0.9744,1.0,0.303,1.282
0,1600x900,250,5,byte_target,1,True,2.565,69524,242,0.9656,0.9803,0.9807,0.9826,1.001,0.245,1.483
0,1600x900,500,5,byte_target,2,True,1.003,138450,481,0.9615,0.9915,0.9922,0.992,0.996,0.122,1.405
0,1600x900,180,7,byte_target,2,True,3.653,50056,174,0.9656,0.9717,0.9704,0.9757,1.014,0.35,1.458
0,1600x900,250,7,byte_target,2,True,2.338,69191,241,0.961,0.982,0.9828,0.984,1.002,0.238,1.406
0,1600x900,500,7,byte_target,2,True,0.903,138599,482,0.9625,0.9922,0.9927,0.9926,1.001,0.13,1.377
0,2000x1124,180,5,byte_target,1,True,6.749,49409,172,0.9531,0.9522,0.952,0.959,1.063,0.555,1.905
0,2000x1124,250,5,byte_target,1,True,4.476,67716,236,0.9405,0.9658,0.9659,0.9679,1.036,0.326,1.418
0,2000x1124,500,5,byte_target,1,True,1.882,140610,489,0.9765,0.9853,0.9841,0.9857,1.007,0.173,1.518
0,2000x1124,180,7,byte_target,2,True,6.184,50146,175,0.9673,0.9554,0.9552,0.9609,1.077,0.524,1.305
0,2000x1124,250,7,byte_target,2,True,4.03,69754,243,0.9688,0.9689,0.9688,0.9704,1.003,0.438,1.39
0,2000x1124,500,7,byte_target,2,True,1.652,138823,483,0.964,0.987,0.9859,0.9874,0.997,0.162,1.596
0,2304x1296,180,5,byte_target,2,True,10.297,50287,175,0.97,0.9364,0.8583,0.9392,0.895,1.123,2.066
0,2304x1296,250,5,byte_target,2,True,6.932,69687,242,0.9679,0.9514,0.8854,0.952,1.036,0.673,1.668
0,2304x1296,500,5,byte_target,2,True,3.065,139332,484,0.9676,0.9766,0.9413,0.9747,1.004,0.327,1.434
0,2304x1296,180,7,byte_target,1,True,9.624,50768,177,0.9793,0.9392,0.8637,0.9415,0.902,1.021,1.464
0,2304x1296,250,7,byte_target,1,True,6.383,71191,248,0.9888,0.9541,0.8913,0.9544,1.042,0.602,1.456
0,2304x1296,500,7,byte_target,2,True,2.821,139845,486,0.9711,0.9785,0.9467,0.9766,0.989,0.308,1.577
0,3072x1728,180,5,byte_target,3,False,15.0,54328,189,,,,,,,
0,3072x1728,250,5,byte_target,2,True,10.99,70047,244,0.9729,0.9338,0.8385,0.9496,0.863,0.796,1.943
0,3072x1728,500,5,byte_target,2,True,4.796,140993,490,0.9791,0.9639,0.9141,0.9693,1.046,0.567,1.967
0,3072x1728,180,7,byte_target,3,False,15.0,51846,181,,,,,,,
0,3072x1728,250,7,byte_target,2,True,10.335,70741,246,0.9825,0.9365,0.8456,0.9514,0.893,0.806,2.001
0,3072x1728,500,7,byte_target,2,True,4.477,141994,494,0.9861,0.9661,0.9199,0.9709,1.023,0.554,1.528
0,4608x2592,180,5,byte_target,3,False,15.0,76753,267,,,,,,,
0,4608x2592,250,5,byte_target,3,False,15.0,76753,267,,,,,,,
0,4608x2592,500,5,byte_target,2,True,7.096,141640,492,0.9836,0.9508,0.8751,0.9762,1.035,0.589,1.742
0,4608x2592,180,7,byte_target,3,False,15.0,73964,257,,,,,,,
0,4608x2592,250,7,byte_target,3,False,15.0,73964,257,,,,,,,
0,4608x2592,500,7,byte_target,2,True,6.776,139624,485,0.9696,0.9523,0.8789,0.9768,1.031,0.454,1.452
1,800x450,180,5,byte_target,3,True,1.074,50232,175,0.969,0.991,0.9903,0.991,1.001,0.148,1.189
1,800x450,250,5,byte_target,3,True,0.609,70867,247,0.9843,0.9945,0.9947,0.9945,1.0,0.087,1.166
1,800x450,500,5,byte_target,2,True,0.179,136108,473,0.9452,0.9983,0.9988,0.9983,1.0,0.03,1.166
1,800x450,180,7,byte_target,3,True,0.977,49937,174,0.9633,0.9917,0.9912,0.9917,1.008,0.154,1.22
1,800x450,250,7,byte_target,3,True,0.581,69965,243,0.9717,0.9947,0.9949,0.9947,1.004,0.08,1.164
1,800x450,500,7,byte_target,2,True,0.176,135545,471,0.9413,0.9984,0.9988,0.9984,0.996,0.033,1.168
1,1200x676,180,5,byte_target,2,True,2.276,51321,179,0.99,0.9824,0.9785,0.984,1.01,0.256,1.238
1,1200x676,250,5,byte_target,2,True,1.426,70704,246,0.982,0.9885,0.987,0.9891,1.004,0.189,1.151
1,1200x676,500,5,byte_target,1,True,0.526,139009,483,0.9653,0.9952,0.9955,0.9952,1.003,0.079,1.194
1,1200x676,180,7,byte_target,2,True,2.089,50728,177,0.9785,0.9838,0.9804,0.9851,1.029,0.278,1.284
1,1200x676,250,7,byte_target,2,True,1.303,69477,242,0.965,0.9894,0.9881,0.9899,1.0,0.176,1.217
1,1200x676,500,7,byte_target,2,True,0.49,137540,478,0.9551,0.9955,0.9958,0.9954,0.997,0.094,1.205
1,1600x900,180,5,byte_target,1,True,3.868,50540,176,0.9749,0.97,0.9682,0.9743,1.001,0.437,1.173
1,1600x900,250,5,byte_target,1,True,2.565,69695,242,0.968,0.9803,0.9808,0.9826,1.009,0.3,1.279
1,1600x900,500,5,byte_target,2,True,1.005,138767,482,0.9637,0.9915,0.9922,0.992,1.004,0.139,1.209
1,1600x900,180,7,byte_target,2,True,3.649,50113,175,0.9667,0.9716,0.9706,0.9756,1.018,0.417,1.495
1,1600x900,250,7,byte_target,2,True,2.345,69182,241,0.9609,0.9819,0.9829,0.984,1.006,0.241,1.191
1,1600x900,500,7,byte_target,2,True,0.905,138649,482,0.9628,0.9922,0.9928,0.9926,1.001,0.113,1.081
1,2000x1124,180,5,byte_target,1,True,6.749,49312,172,0.9512,0.9522,0.952,0.959,1.047,0.683,2.092
1,2000x1124,250,5,byte_target,1,True,4.476,67691,236,0.9402,0.9658,0.9659,0.9677,1.03,0.497,1.434
1,2000x1124,500,5,byte_target,1,True,1.882,140530,488,0.9759,0.9853,0.9843,0.9857,1.005,0.24,1.127
1,2000x1124,180,7,byte_target,2,True,6.165,50044,174,0.9654,0.9555,0.9551,0.9609,1.073,0.475,1.578
1,2000x1124,250,7,byte_target,2,True,4.018,69750,243,0.9688,0.9689,0.9688,0.9704,1.005,0.405,1.036
1,2000x1124,500,7,byte_target,2,True,1.65,138821,483,0.964,0.9869,0.9861,0.9873,0.996,0.211,1.252
1,2304x1296,180,5,byte_target,2,True,10.282,50326,175,0.9708,0.9362,0.8584,0.9391,0.881,0.995,1.667
1,2304x1296,250,5,byte_target,2,True,6.941,69502,242,0.9653,0.9511,0.8853,0.9519,1.027,0.744,2.042
1,2304x1296,500,5,byte_target,2,True,3.07,139418,485,0.9682,0.9765,0.9412,0.9746,1.002,0.23,1.295
1,2304x1296,180,7,byte_target,1,True,9.624,50722,177,0.9784,0.9389,0.8628,0.9414,0.909,0.916,1.364
1,2304x1296,250,7,byte_target,1,True,6.383,71206,248,0.989,0.9544,0.8914,0.9545,1.056,0.544,1.26
1,2304x1296,500,7,byte_target,2,True,2.827,139831,486,0.971,0.9783,0.9467,0.9765,0.987,0.365,1.539
1,3072x1728,180,5,byte_target,3,False,15.0,54315,189,,,,,,,
1,3072x1728,250,5,byte_target,2,True,10.971,70153,244,0.9743,0.9335,0.8394,0.9496,0.86,1.186,2.026
1,3072x1728,500,5,byte_target,2,True,4.788,140781,489,0.9776,0.964,0.9143,0.9693,1.021,0.44,1.523
1,3072x1728,180,7,byte_target,3,False,15.0,51882,181,,,,,,,
1,3072x1728,250,7,byte_target,2,True,10.336,70327,245,0.9768,0.9362,0.8457,0.9513,0.898,0.864,1.792
1,3072x1728,500,7,byte_target,2,True,4.47,142584,496,0.9902,0.9662,0.9197,0.9709,1.025,0.542,1.066
1,4608x2592,180,5,byte_target,3,False,15.0,76764,267,,,,,,,
1,4608x2592,250,5,byte_target,3,False,15.0,76764,267,,,,,,,
1,4608x2592,500,5,byte_target,2,True,7.098,141475,492,0.9825,0.9506,0.8746,0.9762,1.02,0.621,1.298
1,4608x2592,180,7,byte_target,3,False,15.0,73229,255,,,,,,,
1,4608x2592,250,7,byte_target,3,False,15.0,73229,255,,,,,,,
1,4608x2592,500,7,byte_target,2,True,6.692,140918,490,0.9786,0.9527,0.8805,0.977,1.032,0.6,1.671
2,800x450,180,5,byte_target,3,True,1.071,50144,175,0.9673,0.9911,0.9904,0.9911,0.997,0.155,1.285
2,800x450,250,5,byte_target,3,True,0.609,71013,247,0.9863,0.9945,0.9947,0.9945,1.001,0.104,1.159
2,800x450,500,5,byte_target,2,True,0.179,135859,472,0.9435,0.9983,0.9987,0.9983,1.001,0.045,1.252
2,800x450,180,7,byte_target,3,True,0.978,49816,173,0.961,0.9917,0.9912,0.9917,1.005,0.144,1.123
2,800x450,250,7,byte_target,3,True,0.581,69902,243,0.9709,0.9947,0.9949,0.9947,1.004,0.096,1.161
2,800x450,500,7,byte_target,2,True,0.176,135379,471,0.9401,0.9983,0.9988,0.9983,1.006,0.047,1.263
2,1200x676,180,5,byte_target,2,True,2.274,51326,179,0.9901,0.9825,0.9785,0.984,1.02,0.154,1.184
2,1200x676,250,5,byte_target,2,True,1.427,70732,246,0.9824,0.9886,0.9871,0.9891,1.002,0.151,1.141
2,1200x676,500,5,byte_target,1,True,0.526,138924,483,0.9647,0.9952,0.9955,0.9952,0.999,0.077,1.189
2,1200x676,180,7,byte_target,2,True,2.084,50763,177,0.9792,0.9839,0.9805,0.9851,1.027,0.166,1.177
2,1200x676,250,7,byte_target,2,True,1.303,69433,242,0.9643,0.9894,0.9882,0.9899,0.998,0.174,1.172
2,1200x676,500,7,byte_target,2,True,0.489,137533,478,0.9551,0.9955,0.9958,0.9955,0.994,0.082,1.212
2,1600x900,180,5,byte_target,1,True,3.868,50590,176,0.9759,0.97,0.9682,0.9743,1.001,0.341,1.284
2,1600x900,250,5,byte_target,1,True,2.565,69575,242,0.9663,0.9803,0.9807,0.9826,1.01,0.275,1.401
2,1600x900,500,5,byte_target,2,True,1.004,138411,481,0.9612,0.9915,0.9922,0.9919,0.999,0.151,1.118
2,1600x900,180,7,byte_target,2,True,3.657,50098,174,0.9664,0.9717,0.9706,0.9757,1.021,0.35,1.191
2,1600x900,250,7,byte_target,2,True,2.348,69100,240,0.9597,0.9819,0.9827,0.9839,1.015,0.293,1.329
2,1600x900,500,7,byte_target,2,True,0.902,138733,482,0.9634,0.9923,0.9928,0.9926,1.0,0.134,1.191
2,2000x1124,180,5,byte_target,1,True,6.749,49248,171,0.95,0.9522,0.9522,0.9591,1.064,0.524,1.67
2,2000x1124,250,5,byte_target,1,True,4.476,67589,235,0.9387,0.9659,0.9663,0.9678,1.036,0.49,1.411
2,2000x1124,500,5,byte_target,1,True,1.882,140492,488,0.9756,0.9853,0.9842,0.9857,1.006,0.193,1.366
2,2000x1124,180,7,byte_target,2,True,6.155,50207,175,0.9685,0.9557,0.9557,0.9611,1.079,0.443,1.596
2,2000x1124,250,7,byte_target,2,True,4.016,69849,243,0.9701,0.9691,0.9691,0.9705,0.995,0.301,0.924
2,2000x1124,500,7,byte_target,2,True,1.648,138689,482,0.9631,0.987,0.9861,0.9873,1.007,0.144,1.217
2,2304x1296,180,5,byte_target,2,True,10.299,50233,175,0.969,0.9363,0.8577,0.9391,0.916,0.797,1.535
2,2304x1296,250,5,byte_target,2,True,6.929,69508,242,0.9654,0.9511,0.8858,0.9521,1.032,0.824,1.82
2,2304x1296,500,5,byte_target,2,True,3.066,139248,484,0.967,0.9764,0.9415,0.9747,1.015,0.323,1.421
2,2304x1296,180,7,byte_target,1,True,9.624,50713,177,0.9783,0.939,0.8633,0.9415,0.907,1.02,1.616
2,2304x1296,250,7,byte_target,1,True,6.383,71050,247,0.9868,0.9543,0.892,0.9545,1.054,0.481,1.435
2,2304x1296,500,7,byte_target,2,True,2.818,139672,485,0.9699,0.9782,0.9466,0.9766,0.996,0.27,1.289
2,3072x1728,180,5,byte_target,3,False,15.0,54268,189,,,,,,,
2,3072x1728,250,5,byte_target,2,True,10.993,70157,244,0.9744,0.9336,0.8383,0.9495,0.882,1.262,2.27
2,3072x1728,500,5,byte_target,2,True,4.791,140926,490,0.9787,0.9639,0.9147,0.9694,1.033,0.433,1.676
2,3072x1728,180,7,byte_target,1,True,15.0,51816,180,0.9995,0.9191,0.8045,0.9408,0.782,1.264,2.094
2,3072x1728,250,7,byte_target,2,True,10.364,70370,245,0.9774,0.9363,0.8449,0.9512,0.908,0.903,2.112
2,3072x1728,500,7,byte_target,2,True,4.474,142012,494,0.9862,0.966,0.9202,0.9709,1.045,0.521,1.684
2,4608x2592,180,5,byte_target,3,False,15.0,77355,269,,,,,,,
2,4608x2592,250,5,byte_target,3,False,15.0,77355,269,,,,,,,
2,4608x2592,500,5,byte_target,2,True,7.166,139081,483,0.9658,0.95,0.8741,0.9761,1.015,0.534,1.763
2,4608x2592,180,7,byte_target,3,False,15.0,73838,257,,,,,,,
2,4608x2592,250,7,byte_target,3,False,15.0,73838,257,,,,,,,
2,4608x2592,500,7,byte_target,2,True,6.761,139934,486,0.9718,0.9522,0.8791,0.9768,1.036,0.599,1.575
