roi,effort,budget,fits,distance,bytes,messages,ssim,ssim_roi,de_truth,de_raw,acu,colour,detail
1600x900,5,180,True,3.811,51128,178,0.9704,0.9747,1.28,0.378,1.005,PASS,PASS
1600x900,5,195,True,3.389,55918,195,0.9738,0.9774,1.459,0.321,1.019,PASS,PASS
1600x900,7,180,True,3.524,51506,179,0.9727,0.9765,1.303,0.334,1.015,PASS,PASS
1600x900,7,195,True,3.196,55647,194,0.9753,0.9786,1.388,0.329,1.006,PASS,PASS
2000x1124,5,180,True,6.34,51671,180,0.9545,0.9604,1.371,0.434,1.077,PASS,WARN
2000x1124,5,195,True,5.749,55615,194,0.9579,0.9624,1.418,0.522,1.057,PASS,WARN
2000x1124,7,180,True,5.862,51689,180,0.9573,0.962,1.55,0.529,1.066,PASS,WARN
2000x1124,7,195,True,5.421,55133,192,0.9599,0.9636,1.361,0.516,1.051,PASS,PASS
2304x1296,5,180,True,10.141,50871,177,0.9369,0.9397,1.925,1.033,0.897,PASS,WARN
2304x1296,5,195,True,9.017,56126,195,0.9416,0.9436,1.517,0.976,0.906,PASS,WARN
2304x1296,7,180,True,9.377,51775,180,0.9401,0.9424,1.424,0.883,0.916,PASS,WARN
2304x1296,7,195,True,8.671,55256,192,0.9434,0.945,1.409,0.832,0.926,PASS,WARN
pjpg,,,,,,,0.9351,,2.685,,1.036,,
