frame,roi,effort,budget,distance,bytes,messages,fits,ssim,ssim_roi,de_truth,de_raw,acu
0,1600x900,5,180,3.811,51122,178,True,0.9704,0.9747,1.424,0.249,0.998
0,1600x900,5,195,3.389,55918,195,True,0.9738,0.9774,1.459,0.321,1.019
0,1600x900,7,180,3.524,51506,179,True,0.9727,0.9765,1.369,0.32,1.014
0,1600x900,7,195,3.196,55647,194,True,0.9753,0.9787,1.638,0.35,1.009
0,2000x1124,5,180,6.34,51671,180,True,0.9544,0.9604,1.199,0.473,1.077
0,2000x1124,5,195,5.749,55664,194,True,0.958,0.9624,1.569,0.46,1.057
0,2000x1124,7,180,5.862,51746,180,True,0.9573,0.962,1.4,0.463,1.066
0,2000x1124,7,195,5.421,55180,192,True,0.9599,0.9636,1.361,0.409,1.051
0,2304x1296,5,180,10.141,50863,177,True,0.9371,0.9397,1.925,1.033,0.897
0,2304x1296,5,195,9.017,56126,195,True,0.9418,0.9436,1.587,1.007,0.906
0,2304x1296,7,180,9.377,51775,180,True,0.9405,0.9424,1.685,0.746,0.909
0,2304x1296,7,195,8.671,55185,192,True,0.9434,0.945,1.424,0.717,0.926
1,1600x900,5,180,3.811,51146,178,True,0.9703,0.9746,1.248,0.433,1.005
1,1600x900,5,195,3.389,56036,195,True,0.9737,0.9773,1.522,0.372,1.016
1,1600x900,7,180,3.524,51551,179,True,0.9726,0.9764,1.303,0.361,1.015
1,1600x900,7,195,3.196,55730,194,True,0.9754,0.9786,1.292,0.329,1.006
1,2000x1124,5,180,6.34,51634,180,True,0.9546,0.9603,1.396,0.434,1.083
1,2000x1124,5,195,5.749,55615,194,True,0.9579,0.9624,1.418,0.522,1.052
1,2000x1124,7,180,5.862,51646,180,True,0.9572,0.9619,1.652,0.529,1.048
1,2000x1124,7,195,5.421,55113,192,True,0.9599,0.9636,1.174,0.516,1.051
1,2304x1296,5,180,10.141,50932,177,True,0.9368,0.9396,1.624,1.091,0.885
1,2304x1296,5,195,9.106,55874,195,True,0.9415,0.9434,1.462,0.883,0.89
1,2304x1296,7,180,9.563,51059,178,True,0.9392,0.9417,1.424,0.883,0.916
1,2304x1296,7,195,8.671,55353,193,True,0.9434,0.945,1.327,0.832,0.902
2,1600x900,5,180,3.811,51128,178,True,0.9705,0.9747,1.28,0.378,1.006
2,1600x900,5,195,3.389,55820,194,True,0.9738,0.9774,1.349,0.296,1.028
2,1600x900,7,180,3.524,51451,179,True,0.9729,0.9765,1.241,0.334,1.029
2,1600x900,7,195,3.196,55457,193,True,0.9753,0.9786,1.388,0.295,1.004
2,2000x1124,5,180,6.34,51702,180,True,0.9545,0.9604,1.371,0.353,1.076
2,2000x1124,5,195,5.749,55606,194,True,0.9579,0.9625,1.405,0.559,1.058
2,2000x1124,7,180,5.862,51689,180,True,0.9573,0.9621,1.55,0.531,1.067
2,2000x1124,7,195,5.421,55133,192,True,0.9599,0.9636,1.711,0.656,1.061
2,2304x1296,5,180,10.141,50871,177,True,0.9369,0.9397,1.991,0.989,0.906
2,2304x1296,5,195,9.017,56127,195,True,0.9416,0.9438,1.517,0.976,0.917
2,2304x1296,7,180,9.377,51824,180,True,0.9401,0.9424,1.256,1.012,0.92
2,2304x1296,7,195,8.671,55256,192,True,0.9432,0.945,1.409,0.941,0.926
