frame,roi,box,distance,bytes,messages,fits,search_s,ssim,ssim_roi,patch_de,de_truth,tags_ref,tags_found,acutance_rel,contrast_rel,raw_de_truth,verdict,colour,detail,texture
0,800x450,"[1944, 1078, 800, 450]",1.047,51059,178,True,1.2,0.9912,0.9912,0.1052,1.2987,2,2,0.9952,1.0059,1.42,PASS,PASS,PASS,"[2094, 1078, 480, 270]"
0,1200x676,"[1744, 966, 1200, 676]",2.247,51613,180,True,3.2,0.9827,0.9842,0.1982,1.2935,2,2,1.02,0.9985,1.42,PASS,PASS,PASS,"[2104, 1086, 480, 270]"
0,1600x900,"[1544, 854, 1600, 900]",3.811,51122,178,True,4.8,0.9704,0.9747,0.2493,1.4237,2,2,0.9978,1.0072,1.42,PASS,PASS,PASS,"[2654, 1484, 480, 270]"
0,2000x1124,"[1344, 742, 2000, 1124]",6.34,51671,180,True,5.8,0.9544,0.9604,0.4729,1.1994,2,2,1.0775,0.9732,1.42,FAIL,PASS,WARN,"[2034, 832, 480, 270]"
0,2304x1296,"[1192, 656, 2304, 1296]",10.141,50863,177,True,7.4,0.9371,0.9397,1.0334,1.9248,2,2,0.8974,0.9375,1.42,FAIL,PASS,WARN,"[2992, 1676, 480, 270]"
0,3072x1728,"[808, 440, 3072, 1728]",15.0,54328,189,False,1.6,,,,,,,,,,,,,
0,4608x2592,"[0, 0, 4608, 2592]",15.0,76753,267,False,3.6,,,,,,,,,,,,,
1,800x450,"[1944, 1078, 800, 450]",1.047,50913,177,True,1.2,0.9913,0.9913,0.1587,1.2081,2,2,0.9995,1.0,1.17,PASS,PASS,PASS,
1,1200x676,"[1744, 966, 1200, 676]",2.291,50814,177,True,1.5,0.9823,0.9839,0.2713,1.2337,2,2,1.0067,1.0,1.17,PASS,PASS,PASS,
1,1600x900,"[1544, 854, 1600, 900]",3.811,51146,178,True,4.8,0.9703,0.9746,0.4327,1.2475,2,2,1.005,1.0078,1.17,PASS,PASS,PASS,
1,2000x1124,"[1344, 742, 2000, 1124]",6.34,51634,180,True,5.8,0.9546,0.9603,0.4337,1.3955,2,2,1.0834,0.9867,1.17,FAIL,PASS,WARN,
1,2304x1296,"[1192, 656, 2304, 1296]",10.141,50932,177,True,7.5,0.9368,0.9396,1.0913,1.6238,2,1,0.8847,0.945,1.17,FAIL,PASS,WARN,
1,3072x1728,"[808, 440, 3072, 1728]",15.0,54315,189,False,1.6,,,,,,,,,,,,,
1,4608x2592,"[0, 0, 4608, 2592]",15.0,76764,267,False,3.7,,,,,,,,,,,,,
2,800x450,"[1944, 1078, 800, 450]",1.047,50845,177,True,1.2,0.9913,0.9913,0.1482,1.153,2,2,0.9946,1.0074,1.21,PASS,PASS,PASS,
2,1200x676,"[1744, 966, 1200, 676]",2.291,50811,177,True,1.5,0.9824,0.9839,0.2088,1.2714,2,2,1.0155,1.0011,1.21,PASS,PASS,PASS,
2,1600x900,"[1544, 854, 1600, 900]",3.811,51128,178,True,4.8,0.9705,0.9747,0.3778,1.2798,2,2,1.0057,1.0047,1.21,PASS,PASS,PASS,
2,2000x1124,"[1344, 742, 2000, 1124]",6.34,51702,180,True,5.8,0.9545,0.9604,0.3532,1.3707,2,2,1.0757,0.9914,1.21,FAIL,PASS,WARN,
2,2304x1296,"[1192, 656, 2304, 1296]",10.141,50871,177,True,7.4,0.9369,0.9397,0.9892,1.9909,2,1,0.9056,0.9317,1.21,FAIL,PASS,WARN,
2,3072x1728,"[808, 440, 3072, 1728]",15.0,54268,189,False,1.5,,,,,,,,,,,,,
2,4608x2592,"[0, 0, 4608, 2592]",15.0,77355,269,False,3.7,,,,,,,,,,,,,
